@tick,cpu#2,cpu#1,cpu#0,cpu#7,cpu#6,cpu#5,cpu#4,cpu#3
1,0.0,0.0,0.0,0.0,0.0,0.0,0.0,0.0
2,0.0,0.0,0.0,0.0,0.0,0.0,0.0,0.0
3,0.0,0.0,0.0,0.0,0.0,0.0,0.0,0.0
4,0.0,0.0,0.0,0.0,0.0,0.0,0.0,0.0
5,0.0,0.0,0.0,0.0,0.0,0.0,0.0,0.0
6,0.0,0.0,0.0,0.0,0.0,0.0,0.0,0.0
7,0.0,0.0,0.0,0.0,0.0,0.0,0.0,0.0
8,0.0,0.0,0.0,0.0,0.0,0.0,0.0,0.0
9,0.0,0.0,0.0,0.0,0.0,0.0,0.0,0.0
10,0.0,0.0,0.0,0.0,0.0,0.0,0.0,0.0
11,0.0,0.0,0.0,0.0,0.0,0.0,0.0,0.0
12,0.0,0.0,0.0,0.0,0.0,0.0,0.0,0.0
13,0.0,0.0,0.0,0.0,0.0,0.0,0.0,0.0
14,0.0,0.0,0.0,0.0,0.0,0.0,0.0,0.0
15,0.0,0.0,0.0,0.0,0.0,0.0,0.0,0.0
16,0.0,0.0,0.0,0.0,0.0,0.0,0.0,0.0
17,0.0,0.0,0.0,0.0,0.0,0.0,0.0,0.0
18,0.0,0.0,0.0,0.0,0.0,0.0,0.0,0.0
19,0.0,0.0,0.0,0.0,0.0,0.0,0.0,0.0
20,0.0,0.0,0.0,0.0,0.0,0.0,0.0,0.0
21,0.0,0.0,0.0,0.0,0.0,0.0,0.0,0.0
22,0.0,0.0,0.0,0.0,0.0,0.0,0.0,0.0
23,0.0,0.0,0.0,0.0,0.0,0.0,0.0,0.0
24,0.0,0.0,0.0,0.0,0.0,0.0,0.0,0.0
25,0.0,0.0,0.0,0.0,0.0,0.0,0.0,0.0
26,0.0,0.0,0.0,0.0,0.0,0.0,0.0,0.0
27,0.0,0.0,0.0,0.0,0.0,0.0,0.0,0.0
28,0.0,0.0,0.0,0.0,0.0,0.0,0.0,0.0
29,0.0,0.0,0.0,0.0,0.0,0.0,0.0,0.0
30,0.0,0.0,0.0,0.0,0.0,0.0,0.0,0.0
31,0.0,0.0,0.0,0.0,0.0,0.0,0.0,0.0
32,0.0,0.0,0.0,0.0,0.0,0.0,0.0,0.0
33,0.0,0.0,0.0,0.0,0.0,0.0,0.0,0.0
34,0.0,0.0,0.0,0.0,0.0,0.0,0.0,0.0
35,0.0,0.0,0.0,0.0,0.0,0.0,0.0,0.0
36,79.3103448275862,81.03448275862068,82.75862068965517,100.0,100.0,100.0,100.0,77.19298245614034
37,79.3103448275862,81.03448275862068,82.75862068965517,100.0,100.0,100.0,100.0,77.19298245614034
38,79.3103448275862,81.03448275862068,82.75862068965517,100.0,100.0,100.0,100.0,77.19298245614034
39,79.3103448275862,81.03448275862068,82.75862068965517,100.0,100.0,100.0,100.0,77.19298245614034
40,79.3103448275862,81.03448275862068,82.75862068965517,100.0,100.0,100.0,100.0,77.19298245614034
41,79.3103448275862,81.03448275862068,82.75862068965517,100.0,100.0,100.0,100.0,77.19298245614034
42,79.3103448275862,81.03448275862068,82.75862068965517,100.0,100.0,100.0,100.0,77.19298245614034
43,79.3103448275862,81.03448275862068,82.75862068965517,100.0,100.0,100.0,100.0,77.19298245614034
44,79.3103448275862,81.03448275862068,82.75862068965517,100.0,100.0,100.0,100.0,77.19298245614034
45,79.3103448275862,81.03448275862068,82.75862068965517,100.0,100.0,100.0,100.0,77.19298245614034
46,79.3103448275862,81.03448275862068,82.75862068965517,100.0,100.0,100.0,100.0,77.19298245614034
47,79.3103448275862,81.03448275862068,82.75862068965517,100.0,100.0,100.0,100.0,77.19298245614034
48,79.3103448275862,81.03448275862068,82.75862068965517,100.0,100.0,100.0,100.0,77.19298245614034
49,79.3103448275862,81.03448275862068,82.75862068965517,100.0,100.0,100.0,100.0,77.19298245614034
50,79.3103448275862,81.03448275862068,82.75862068965517,100.0,100.0,100.0,100.0,77.19298245614034
51,79.3103448275862,81.03448275862068,82.75862068965517,100.0,100.0,100.0,100.0,77.19298245614034
52,79.3103448275862,81.03448275862068,82.75862068965517,100.0,100.0,100.0,100.0,77.19298245614034
53,79.3103448275862,81.03448275862068,82.75862068965517,100.0,100.0,100.0,100.0,77.19298245614034
54,79.3103448275862,81.03448275862068,82.75862068965517,100.0,100.0,100.0,100.0,77.19298245614034
55,79.3103448275862,81.03448275862068,82.75862068965517,100.0,100.0,100.0,100.0,77.19298245614034
56,79.3103448275862,81.03448275862068,82.75862068965517,100.0,100.0,100.0,100.0,77.19298245614034
57,79.3103448275862,81.03448275862068,82.75862068965517,100.0,100.0,100.0,100.0,77.19298245614034
58,79.3103448275862,81.03448275862068,82.75862068965517,100.0,100.0,100.0,100.0,77.19298245614034
59,79.3103448275862,81.03448275862068,82.75862068965517,100.0,100.0,100.0,100.0,77.19298245614034
60,79.3103448275862,81.03448275862068,82.75862068965517,100.0,100.0,100.0,100.0,77.19298245614034
61,79.3103448275862,81.03448275862068,82.75862068965517,100.0,100.0,100.0,100.0,77.19298245614034
62,79.3103448275862,81.03448275862068,82.75862068965517,100.0,100.0,100.0,100.0,77.19298245614034
63,79.3103448275862,81.03448275862068,82.75862068965517,100.0,100.0,100.0,100.0,77.19298245614034
64,79.3103448275862,81.03448275862068,82.75862068965517,100.0,100.0,100.0,100.0,77.19298245614034
65,79.3103448275862,81.03448275862068,82.75862068965517,100.0,100.0,100.0,100.0,77.19298245614034
66,79.3103448275862,81.03448275862068,82.75862068965517,100.0,100.0,100.0,100.0,77.19298245614034
67,79.3103448275862,81.03448275862068,82.75862068965517,100.0,100.0,100.0,100.0,77.19298245614034
68,79.3103448275862,81.03448275862068,82.75862068965517,100.0,100.0,100.0,100.0,77.19298245614034
69,79.3103448275862,81.03448275862068,82.75862068965517,100.0,100.0,100.0,100.0,77.19298245614034
70,79.3103448275862,81.03448275862068,82.75862068965517,100.0,100.0,100.0,100.0,77.19298245614034
71,79.3103448275862,81.03448275862068,82.75862068965517,100.0,100.0,100.0,100.0,77.19298245614034
72,79.3103448275862,81.03448275862068,82.75862068965517,100.0,100.0,100.0,100.0,77.19298245614034
73,79.3103448275862,81.03448275862068,82.75862068965517,100.0,100.0,100.0,100.0,77.19298245614034
74,79.3103448275862,81.03448275862068,82.75862068965517,100.0,100.0,100.0,100.0,77.19298245614034
75,96.0,98.0392156862745,98.0,98.0392156862745,100.0,100.0,100.0,96.07843137254902
76,96.0,98.0392156862745,98.0,98.0392156862745,100.0,100.0,100.0,96.07843137254902
77,96.0,98.0392156862745,98.0,98.0392156862745,100.0,100.0,100.0,96.07843137254902
78,96.0,98.0392156862745,98.0,98.0392156862745,100.0,100.0,100.0,96.07843137254902
79,96.0,98.0392156862745,98.0,98.0392156862745,100.0,100.0,100.0,96.07843137254902
80,96.0,98.0392156862745,98.0,98.0392156862745,100.0,100.0,100.0,96.07843137254902
81,96.0,98.0392156862745,98.0,98.0392156862745,100.0,100.0,100.0,96.07843137254902
82,96.0,98.0392156862745,98.0,98.0392156862745,100.0,100.0,100.0,96.07843137254902
83,96.0,98.0392156862745,98.0,98.0392156862745,100.0,100.0,100.0,96.07843137254902
84,96.0,98.0392156862745,98.0,98.0392156862745,100.0,100.0,100.0,96.07843137254902
85,96.0,98.0392156862745,98.0,98.0392156862745,100.0,100.0,100.0,96.07843137254902
86,96.0,98.0392156862745,98.0,98.0392156862745,100.0,100.0,100.0,96.07843137254902
87,96.0,98.0392156862745,98.0,98.0392156862745,100.0,100.0,100.0,96.07843137254902
88,96.0,98.0392156862745,98.0,98.0392156862745,100.0,100.0,100.0,96.07843137254902
89,96.0,98.0392156862745,98.0,98.0392156862745,100.0,100.0,100.0,96.07843137254902
90,96.0,98.0392156862745,98.0,98.0392156862745,100.0,100.0,100.0,96.07843137254902
91,96.0,98.0392156862745,98.0,98.0392156862745,100.0,100.0,100.0,96.07843137254902
92,96.0,98.0392156862745,98.0,98.0392156862745,100.0,100.0,100.0,96.07843137254902
93,96.0,98.0392156862745,98.0,98.0392156862745,100.0,100.0,100.0,96.07843137254902
94,96.0,98.0392156862745,98.0,98.0392156862745,100.0,100.0,100.0,96.07843137254902
95,96.0,98.0392156862745,98.0,98.0392156862745,100.0,100.0,100.0,96.07843137254902
96,96.0,98.0392156862745,98.0,98.0392156862745,100.0,100.0,100.0,96.07843137254902
97,96.0,98.0392156862745,98.0,98.0392156862745,100.0,100.0,100.0,96.07843137254902
98,96.0,98.0392156862745,98.0,98.0392156862745,100.0,100.0,100.0,96.07843137254902
99,96.0,98.0392156862745,98.0,98.0392156862745,100.0,100.0,100.0,96.07843137254902
100,96.0,98.0392156862745,98.0,98.0392156862745,100.0,100.0,100.0,96.07843137254902
101,96.0,98.0392156862745,98.0,98.0392156862745,100.0,100.0,100.0,96.07843137254902
102,96.0,98.0392156862745,98.0,98.0392156862745,100.0,100.0,100.0,96.07843137254902
103,96.0,98.0392156862745,98.0,98.0392156862745,100.0,100.0,100.0,96.07843137254902
104,96.0,98.0392156862745,98.0,98.0392156862745,100.0,100.0,100.0,96.07843137254902
105,96.0,98.0392156862745,98.0,98.0392156862745,100.0,100.0,100.0,96.07843137254902
106,96.0,98.0392156862745,98.0,98.0392156862745,100.0,100.0,100.0,96.07843137254902
107,96.0,98.0392156862745,98.0,98.0392156862745,100.0,100.0,100.0,96.07843137254902
108,96.0,98.0392156862745,98.0,98.0392156862745,100.0,100.0,100.0,96.07843137254902
109,96.0,98.0392156862745,98.0,98.0392156862745,100.0,100.0,100.0,96.07843137254902
110,96.0,98.0392156862745,98.0,98.0392156862745,100.0,100.0,100.0,96.07843137254902
111,92.0,92.0,94.0,100.0,100.0,100.0,100.0,92.0
112,92.0,92.0,94.0,100.0,100.0,100.0,100.0,92.0
113,92.0,92.0,94.0,100.0,100.0,100.0,100.0,92.0
114,92.0,92.0,94.0,100.0,100.0,100.0,100.0,92.0
115,92.0,92.0,94.0,100.0,100.0,100.0,100.0,92.0
116,92.0,92.0,94.0,100.0,100.0,100.0,100.0,92.0
117,92.0,92.0,94.0,100.0,100.0,100.0,100.0,92.0
118,92.0,92.0,94.0,100.0,100.0,100.0,100.0,92.0
119,92.0,92.0,94.0,100.0,100.0,100.0,100.0,92.0
120,92.0,92.0,94.0,100.0,100.0,100.0,100.0,92.0
121,92.0,92.0,94.0,100.0,100.0,100.0,100.0,92.0
122,92.0,92.0,94.0,100.0,100.0,100.0,100.0,92.0
123,92.0,92.0,94.0,100.0,100.0,100.0,100.0,92.0
124,92.0,92.0,94.0,100.0,100.0,100.0,100.0,92.0
125,92.0,92.0,94.0,100.0,100.0,100.0,100.0,92.0
126,92.0,92.0,94.0,100.0,100.0,100.0,100.0,92.0
127,92.0,92.0,94.0,100.0,100.0,100.0,100.0,92.0
128,92.0,92.0,94.0,100.0,100.0,100.0,100.0,92.0
129,92.0,92.0,94.0,100.0,100.0,100.0,100.0,92.0
130,92.0,92.0,94.0,100.0,100.0,100.0,100.0,92.0
131,92.0,92.0,94.0,100.0,100.0,100.0,100.0,92.0
132,92.0,92.0,94.0,100.0,100.0,100.0,100.0,92.0
133,92.0,92.0,94.0,100.0,100.0,100.0,100.0,92.0
134,92.0,92.0,94.0,100.0,100.0,100.0,100.0,92.0
135,92.0,92.0,94.0,100.0,100.0,100.0,100.0,92.0
136,92.0,92.0,94.0,100.0,100.0,100.0,100.0,92.0
137,92.0,92.0,94.0,100.0,100.0,100.0,100.0,92.0
138,92.0,92.0,94.0,100.0,100.0,100.0,100.0,92.0
139,92.0,92.0,94.0,100.0,100.0,100.0,100.0,92.0
140,92.0,92.0,94.0,100.0,100.0,100.0,100.0,92.0
141,92.0,92.0,94.0,100.0,100.0,100.0,100.0,92.0
142,92.0,92.0,94.0,100.0,100.0,100.0,100.0,92.0
143,92.0,92.0,94.0,100.0,100.0,100.0,100.0,92.0
144,92.0,92.0,94.0,100.0,100.0,100.0,100.0,92.0
145,92.0,92.0,94.0,100.0,100.0,100.0,100.0,92.0
146,92.0,92.0,94.0,100.0,100.0,100.0,100.0,92.0
147,92.0,92.0,94.0,100.0,100.0,100.0,100.0,92.0
148,96.0,95.91836734693877,94.11764705882352,100.0,100.0,100.0,100.0,96.0
149,96.0,95.91836734693877,94.11764705882352,100.0,100.0,100.0,100.0,96.0
150,96.0,95.91836734693877,94.11764705882352,100.0,100.0,100.0,100.0,96.0
151,96.0,95.91836734693877,94.11764705882352,100.0,100.0,100.0,100.0,96.0
152,96.0,95.91836734693877,94.11764705882352,100.0,100.0,100.0,100.0,96.0
153,96.0,95.91836734693877,94.11764705882352,100.0,100.0,100.0,100.0,96.0
154,96.0,95.91836734693877,94.11764705882352,100.0,100.0,100.0,100.0,96.0
155,96.0,95.91836734693877,94.11764705882352,100.0,100.0,100.0,100.0,96.0
156,96.0,95.91836734693877,94.11764705882352,100.0,100.0,100.0,100.0,96.0
157,96.0,95.91836734693877,94.11764705882352,100.0,100.0,100.0,100.0,96.0
158,96.0,95.91836734693877,94.11764705882352,100.0,100.0,100.0,100.0,96.0
159,96.0,95.91836734693877,94.11764705882352,100.0,100.0,100.0,100.0,96.0
160,96.0,95.91836734693877,94.11764705882352,100.0,100.0,100.0,100.0,96.0
161,96.0,95.91836734693877,94.11764705882352,100.0,100.0,100.0,100.0,96.0
162,96.0,95.91836734693877,94.11764705882352,100.0,100.0,100.0,100.0,96.0
163,96.0,95.91836734693877,94.11764705882352,100.0,100.0,100.0,100.0,96.0
164,96.0,95.91836734693877,94.11764705882352,100.0,100.0,100.0,100.0,96.0
165,96.0,95.91836734693877,94.11764705882352,100.0,100.0,100.0,100.0,96.0
166,96.0,95.91836734693877,94.11764705882352,100.0,100.0,100.0,100.0,96.0
167,96.0,95.91836734693877,94.11764705882352,100.0,100.0,100.0,100.0,96.0
168,96.0,95.91836734693877,94.11764705882352,100.0,100.0,100.0,100.0,96.0
169,96.0,95.91836734693877,94.11764705882352,100.0,100.0,100.0,100.0,96.0
170,96.0,95.91836734693877,94.11764705882352,100.0,100.0,100.0,100.0,96.0
171,96.0,95.91836734693877,94.11764705882352,100.0,100.0,100.0,100.0,96.0
172,96.0,95.91836734693877,94.11764705882352,100.0,100.0,100.0,100.0,96.0
173,96.0,95.91836734693877,94.11764705882352,100.0,100.0,100.0,100.0,96.0
174,96.0,95.91836734693877,94.11764705882352,100.0,100.0,100.0,100.0,96.0
175,96.0,95.91836734693877,94.11764705882352,100.0,100.0,100.0,100.0,96.0
176,96.0,95.91836734693877,94.11764705882352,100.0,100.0,100.0,100.0,96.0
177,96.0,95.91836734693877,94.11764705882352,100.0,100.0,100.0,100.0,96.0
178,96.0,95.91836734693877,94.11764705882352,100.0,100.0,100.0,100.0,96.0
179,96.0,95.91836734693877,94.11764705882352,100.0,100.0,100.0,100.0,96.0
180,96.0,95.91836734693877,94.11764705882352,100.0,100.0,100.0,100.0,96.0
181,96.0,95.91836734693877,94.11764705882352,100.0,100.0,100.0,100.0,96.0
182,96.0,95.91836734693877,94.11764705882352,100.0,100.0,100.0,100.0,96.0
183,96.0,95.91836734693877,94.11764705882352,100.0,100.0,100.0,100.0,96.0
184,96.0,95.91836734693877,94.11764705882352,100.0,100.0,100.0,100.0,96.0
185,88.23529411764706,88.46153846153845,90.19607843137256,100.0,100.0,100.0,100.0,88.23529411764706
186,88.23529411764706,88.46153846153845,90.19607843137256,100.0,100.0,100.0,100.0,88.23529411764706
187,88.23529411764706,88.46153846153845,90.19607843137256,100.0,100.0,100.0,100.0,88.23529411764706
188,88.23529411764706,88.46153846153845,90.19607843137256,100.0,100.0,100.0,100.0,88.23529411764706
189,88.23529411764706,88.46153846153845,90.19607843137256,100.0,100.0,100.0,100.0,88.23529411764706
190,88.23529411764706,88.46153846153845,90.19607843137256,100.0,100.0,100.0,100.0,88.23529411764706
191,88.23529411764706,88.46153846153845,90.19607843137256,100.0,100.0,100.0,100.0,88.23529411764706
192,88.23529411764706,88.46153846153845,90.19607843137256,100.0,100.0,100.0,100.0,88.23529411764706
193,88.23529411764706,88.46153846153845,90.19607843137256,100.0,100.0,100.0,100.0,88.23529411764706
194,88.23529411764706,88.46153846153845,90.19607843137256,100.0,100.0,100.0,100.0,88.23529411764706
195,88.23529411764706,88.46153846153845,90.19607843137256,100.0,100.0,100.0,100.0,88.23529411764706
196,88.23529411764706,88.46153846153845,90.19607843137256,100.0,100.0,100.0,100.0,88.23529411764706
197,88.23529411764706,88.46153846153845,90.19607843137256,100.0,100.0,100.0,100.0,88.23529411764706
198,88.23529411764706,88.46153846153845,90.19607843137256,100.0,100.0,100.0,100.0,88.23529411764706
199,88.23529411764706,88.46153846153845,90.19607843137256,100.0,100.0,100.0,100.0,88.23529411764706
200,88.23529411764706,88.46153846153845,90.19607843137256,100.0,100.0,100.0,100.0,88.23529411764706
201,88.23529411764706,88.46153846153845,90.19607843137256,100.0,100.0,100.0,100.0,88.23529411764706
202,88.23529411764706,88.46153846153845,90.19607843137256,100.0,100.0,100.0,100.0,88.23529411764706
203,88.23529411764706,88.46153846153845,90.19607843137256,100.0,100.0,100.0,100.0,88.23529411764706
204,88.23529411764706,88.46153846153845,90.19607843137256,100.0,100.0,100.0,100.0,88.23529411764706
205,88.23529411764706,88.46153846153845,90.19607843137256,100.0,100.0,100.0,100.0,88.23529411764706
206,88.23529411764706,88.46153846153845,90.19607843137256,100.0,100.0,100.0,100.0,88.23529411764706
207,88.23529411764706,88.46153846153845,90.19607843137256,100.0,100.0,100.0,100.0,88.23529411764706
208,88.23529411764706,88.46153846153845,90.19607843137256,100.0,100.0,100.0,100.0,88.23529411764706
209,88.23529411764706,88.46153846153845,90.19607843137256,100.0,100.0,100.0,100.0,88.23529411764706
210,88.23529411764706,88.46153846153845,90.19607843137256,100.0,100.0,100.0,100.0,88.23529411764706
211,88.23529411764706,88.46153846153845,90.19607843137256,100.0,100.0,100.0,100.0,88.23529411764706
212,88.23529411764706,88.46153846153845,90.19607843137256,100.0,100.0,100.0,100.0,88.23529411764706
213,88.23529411764706,88.46153846153845,90.19607843137256,100.0,100.0,100.0,100.0,88.23529411764706
214,88.23529411764706,88.46153846153845,90.19607843137256,100.0,100.0,100.0,100.0,88.23529411764706
215,88.23529411764706,88.46153846153845,90.19607843137256,100.0,100.0,100.0,100.0,88.23529411764706
216,88.23529411764706,88.46153846153845,90.19607843137256,100.0,100.0,100.0,100.0,88.23529411764706
217,88.23529411764706,88.46153846153845,90.19607843137256,100.0,100.0,100.0,100.0,88.23529411764706
218,98.0392156862745,96.07843137254902,98.0,100.0,100.0,100.0,100.0,96.07843137254902
219,98.0392156862745,96.07843137254902,98.0,100.0,100.0,100.0,100.0,96.07843137254902
220,98.0392156862745,96.07843137254902,98.0,100.0,100.0,100.0,100.0,96.07843137254902
221,98.0392156862745,96.07843137254902,98.0,100.0,100.0,100.0,100.0,96.07843137254902
222,98.0392156862745,96.07843137254902,98.0,100.0,100.0,100.0,100.0,96.07843137254902
223,98.0392156862745,96.07843137254902,98.0,100.0,100.0,100.0,100.0,96.07843137254902
224,98.0392156862745,96.07843137254902,98.0,100.0,100.0,100.0,100.0,96.07843137254902
225,98.0392156862745,96.07843137254902,98.0,100.0,100.0,100.0,100.0,96.07843137254902
226,98.0392156862745,96.07843137254902,98.0,100.0,100.0,100.0,100.0,96.07843137254902
227,98.0392156862745,96.07843137254902,98.0,100.0,100.0,100.0,100.0,96.07843137254902
228,98.0392156862745,96.07843137254902,98.0,100.0,100.0,100.0,100.0,96.07843137254902
229,98.0392156862745,96.07843137254902,98.0,100.0,100.0,100.0,100.0,96.07843137254902
230,98.0392156862745,96.07843137254902,98.0,100.0,100.0,100.0,100.0,96.07843137254902
231,98.0392156862745,96.07843137254902,98.0,100.0,100.0,100.0,100.0,96.07843137254902
232,98.0392156862745,96.07843137254902,98.0,100.0,100.0,100.0,100.0,96.07843137254902
233,98.0392156862745,96.07843137254902,98.0,100.0,100.0,100.0,100.0,96.07843137254902
234,98.0392156862745,96.07843137254902,98.0,100.0,100.0,100.0,100.0,96.07843137254902
235,98.0392156862745,96.07843137254902,98.0,100.0,100.0,100.0,100.0,96.07843137254902
236,98.0392156862745,96.07843137254902,98.0,100.0,100.0,100.0,100.0,96.07843137254902
237,98.0392156862745,96.07843137254902,98.0,100.0,100.0,100.0,100.0,96.07843137254902
238,98.0392156862745,96.07843137254902,98.0,100.0,100.0,100.0,100.0,96.07843137254902
239,98.0392156862745,96.07843137254902,98.0,100.0,100.0,100.0,100.0,96.07843137254902
240,98.0392156862745,96.07843137254902,98.0,100.0,100.0,100.0,100.0,96.07843137254902
241,98.0392156862745,96.07843137254902,98.0,100.0,100.0,100.0,100.0,96.07843137254902
242,98.0392156862745,96.07843137254902,98.0,100.0,100.0,100.0,100.0,96.07843137254902
243,98.0392156862745,96.07843137254902,98.0,100.0,100.0,100.0,100.0,96.07843137254902
244,98.0392156862745,96.07843137254902,98.0,100.0,100.0,100.0,100.0,96.07843137254902
245,98.0392156862745,96.07843137254902,98.0,100.0,100.0,100.0,100.0,96.07843137254902
246,98.0392156862745,96.07843137254902,98.0,100.0,100.0,100.0,100.0,96.07843137254902
247,98.0392156862745,96.07843137254902,98.0,100.0,100.0,100.0,100.0,96.07843137254902
248,98.0392156862745,96.07843137254902,98.0,100.0,100.0,100.0,100.0,96.07843137254902
249,98.0392156862745,96.07843137254902,98.0,100.0,100.0,100.0,100.0,96.07843137254902
250,98.0392156862745,96.07843137254902,98.0,100.0,100.0,100.0,100.0,96.07843137254902
251,98.0392156862745,96.07843137254902,98.0,100.0,100.0,100.0,100.0,96.07843137254902
252,100.0,100.0,100.0,100.0,100.0,100.0,100.0,100.0
253,100.0,100.0,100.0,100.0,100.0,100.0,100.0,100.0
254,100.0,100.0,100.0,100.0,100.0,100.0,100.0,100.0
255,100.0,100.0,100.0,100.0,100.0,100.0,100.0,100.0
256,100.0,100.0,100.0,100.0,100.0,100.0,100.0,100.0
257,100.0,100.0,100.0,100.0,100.0,100.0,100.0,100.0
258,100.0,100.0,100.0,100.0,100.0,100.0,100.0,100.0
259,100.0,100.0,100.0,100.0,100.0,100.0,100.0,100.0
260,100.0,100.0,100.0,100.0,100.0,100.0,100.0,100.0
261,100.0,100.0,100.0,100.0,100.0,100.0,100.0,100.0
262,100.0,100.0,100.0,100.0,100.0,100.0,100.0,100.0
263,100.0,100.0,100.0,100.0,100.0,100.0,100.0,100.0
264,100.0,100.0,100.0,100.0,100.0,100.0,100.0,100.0
265,100.0,100.0,100.0,100.0,100.0,100.0,100.0,100.0
266,100.0,100.0,100.0,100.0,100.0,100.0,100.0,100.0
267,100.0,100.0,100.0,100.0,100.0,100.0,100.0,100.0
268,100.0,100.0,100.0,100.0,100.0,100.0,100.0,100.0
269,100.0,100.0,100.0,100.0,100.0,100.0,100.0,100.0
270,100.0,100.0,100.0,100.0,100.0,100.0,100.0,100.0
271,100.0,100.0,100.0,100.0,100.0,100.0,100.0,100.0
272,100.0,100.0,100.0,100.0,100.0,100.0,100.0,100.0
273,100.0,100.0,100.0,100.0,100.0,100.0,100.0,100.0
274,100.0,100.0,100.0,100.0,100.0,100.0,100.0,100.0
275,100.0,100.0,100.0,100.0,100.0,100.0,100.0,100.0
276,100.0,100.0,100.0,100.0,100.0,100.0,100.0,100.0
277,100.0,100.0,100.0,100.0,100.0,100.0,100.0,100.0
278,100.0,100.0,100.0,100.0,100.0,100.0,100.0,100.0
279,100.0,100.0,100.0,100.0,100.0,100.0,100.0,100.0
280,100.0,100.0,100.0,100.0,100.0,100.0,100.0,100.0
281,100.0,100.0,100.0,100.0,100.0,100.0,100.0,100.0
282,100.0,100.0,100.0,100.0,100.0,100.0,100.0,100.0
283,100.0,100.0,100.0,100.0,100.0,100.0,100.0,100.0
284,100.0,100.0,100.0,100.0,100.0,100.0,100.0,100.0
285,100.0,100.0,100.0,100.0,100.0,100.0,100.0,100.0
286,100.0,100.0,100.0,100.0,100.0,100.0,100.0,100.0
287,100.0,100.0,100.0,100.0,100.0,100.0,100.0,100.0
288,100.0,100.0,100.0,100.0,100.0,100.0,100.0,100.0
289,100.0,100.0,100.0,100.0,100.0,100.0,100.0,100.0
290,100.0,100.0,100.0,100.0,100.0,100.0,100.0,100.0
291,96.15384615384616,98.0392156862745,96.15384615384616,100.0,100.0,100.0,100.0,96.07843137254902
292,96.15384615384616,98.0392156862745,96.15384615384616,100.0,100.0,100.0,100.0,96.07843137254902
293,96.15384615384616,98.0392156862745,96.15384615384616,100.0,100.0,100.0,100.0,96.07843137254902
294,96.15384615384616,98.0392156862745,96.15384615384616,100.0,100.0,100.0,100.0,96.07843137254902
295,96.15384615384616,98.0392156862745,96.15384615384616,100.0,100.0,100.0,100.0,96.07843137254902
296,96.15384615384616,98.0392156862745,96.15384615384616,100.0,100.0,100.0,100.0,96.07843137254902
297,96.15384615384616,98.0392156862745,96.15384615384616,100.0,100.0,100.0,100.0,96.07843137254902
298,96.15384615384616,98.0392156862745,96.15384615384616,100.0,100.0,100.0,100.0,96.07843137254902
299,96.15384615384616,98.0392156862745,96.15384615384616,100.0,100.0,100.0,100.0,96.07843137254902
300,96.15384615384616,98.0392156862745,96.15384615384616,100.0,100.0,100.0,100.0,96.07843137254902
301,96.15384615384616,98.0392156862745,96.15384615384616,100.0,100.0,100.0,100.0,96.07843137254902
302,96.15384615384616,98.0392156862745,96.15384615384616,100.0,100.0,100.0,100.0,96.07843137254902
303,96.15384615384616,98.0392156862745,96.15384615384616,100.0,100.0,100.0,100.0,96.07843137254902
304,96.15384615384616,98.0392156862745,96.15384615384616,100.0,100.0,100.0,100.0,96.07843137254902
305,96.15384615384616,98.0392156862745,96.15384615384616,100.0,100.0,100.0,100.0,96.07843137254902
306,96.15384615384616,98.0392156862745,96.15384615384616,100.0,100.0,100.0,100.0,96.07843137254902
307,96.15384615384616,98.0392156862745,96.15384615384616,100.0,100.0,100.0,100.0,96.07843137254902
308,96.15384615384616,98.0392156862745,96.15384615384616,100.0,100.0,100.0,100.0,96.07843137254902
309,96.15384615384616,98.0392156862745,96.15384615384616,100.0,100.0,100.0,100.0,96.07843137254902
310,96.15384615384616,98.0392156862745,96.15384615384616,100.0,100.0,100.0,100.0,96.07843137254902
311,96.15384615384616,98.0392156862745,96.15384615384616,100.0,100.0,100.0,100.0,96.07843137254902
312,96.15384615384616,98.0392156862745,96.15384615384616,100.0,100.0,100.0,100.0,96.07843137254902
313,96.15384615384616,98.0392156862745,96.15384615384616,100.0,100.0,100.0,100.0,96.07843137254902
314,96.15384615384616,98.0392156862745,96.15384615384616,100.0,100.0,100.0,100.0,96.07843137254902
315,96.15384615384616,98.0392156862745,96.15384615384616,100.0,100.0,100.0,100.0,96.07843137254902
316,96.15384615384616,98.0392156862745,96.15384615384616,100.0,100.0,100.0,100.0,96.07843137254902
317,96.15384615384616,98.0392156862745,96.15384615384616,100.0,100.0,100.0,100.0,96.07843137254902
318,96.15384615384616,98.0392156862745,96.15384615384616,100.0,100.0,100.0,100.0,96.07843137254902
319,96.15384615384616,98.0392156862745,96.15384615384616,100.0,100.0,100.0,100.0,96.07843137254902
320,96.15384615384616,98.0392156862745,96.15384615384616,100.0,100.0,100.0,100.0,96.07843137254902
321,96.15384615384616,98.0392156862745,96.15384615384616,100.0,100.0,100.0,100.0,96.07843137254902
322,96.15384615384616,98.0392156862745,96.15384615384616,100.0,100.0,100.0,100.0,96.07843137254902
323,96.15384615384616,98.0392156862745,96.15384615384616,100.0,100.0,100.0,100.0,96.07843137254902
324,96.15384615384616,98.0392156862745,96.15384615384616,100.0,100.0,100.0,100.0,96.07843137254902
325,96.15384615384616,98.0392156862745,96.15384615384616,100.0,100.0,100.0,100.0,96.07843137254902
326,96.15384615384616,98.0392156862745,96.15384615384616,100.0,100.0,100.0,100.0,96.07843137254902
327,90.19607843137256,92.15686274509804,92.15686274509804,100.0,100.0,100.0,100.0,92.15686274509804
328,90.19607843137256,92.15686274509804,92.15686274509804,100.0,100.0,100.0,100.0,92.15686274509804
329,90.19607843137256,92.15686274509804,92.15686274509804,100.0,100.0,100.0,100.0,92.15686274509804
330,90.19607843137256,92.15686274509804,92.15686274509804,100.0,100.0,100.0,100.0,92.15686274509804
331,90.19607843137256,92.15686274509804,92.15686274509804,100.0,100.0,100.0,100.0,92.15686274509804
332,90.19607843137256,92.15686274509804,92.15686274509804,100.0,100.0,100.0,100.0,92.15686274509804
333,90.19607843137256,92.15686274509804,92.15686274509804,100.0,100.0,100.0,100.0,92.15686274509804
334,90.19607843137256,92.15686274509804,92.15686274509804,100.0,100.0,100.0,100.0,92.15686274509804
335,90.19607843137256,92.15686274509804,92.15686274509804,100.0,100.0,100.0,100.0,92.15686274509804
336,90.19607843137256,92.15686274509804,92.15686274509804,100.0,100.0,100.0,100.0,92.15686274509804
337,90.19607843137256,92.15686274509804,92.15686274509804,100.0,100.0,100.0,100.0,92.15686274509804
338,90.19607843137256,92.15686274509804,92.15686274509804,100.0,100.0,100.0,100.0,92.15686274509804
339,90.19607843137256,92.15686274509804,92.15686274509804,100.0,100.0,100.0,100.0,92.15686274509804
340,90.19607843137256,92.15686274509804,92.15686274509804,100.0,100.0,100.0,100.0,92.15686274509804
341,90.19607843137256,92.15686274509804,92.15686274509804,100.0,100.0,100.0,100.0,92.15686274509804
342,90.19607843137256,92.15686274509804,92.15686274509804,100.0,100.0,100.0,100.0,92.15686274509804
343,90.19607843137256,92.15686274509804,92.15686274509804,100.0,100.0,100.0,100.0,92.15686274509804
344,90.19607843137256,92.15686274509804,92.15686274509804,100.0,100.0,100.0,100.0,92.15686274509804
345,90.19607843137256,92.15686274509804,92.15686274509804,100.0,100.0,100.0,100.0,92.15686274509804
346,90.19607843137256,92.15686274509804,92.15686274509804,100.0,100.0,100.0,100.0,92.15686274509804
347,90.19607843137256,92.15686274509804,92.15686274509804,100.0,100.0,100.0,100.0,92.15686274509804
348,90.19607843137256,92.15686274509804,92.15686274509804,100.0,100.0,100.0,100.0,92.15686274509804
349,90.19607843137256,92.15686274509804,92.15686274509804,100.0,100.0,100.0,100.0,92.15686274509804
350,90.19607843137256,92.15686274509804,92.15686274509804,100.0,100.0,100.0,100.0,92.15686274509804
351,90.19607843137256,92.15686274509804,92.15686274509804,100.0,100.0,100.0,100.0,92.15686274509804
352,90.19607843137256,92.15686274509804,92.15686274509804,100.0,100.0,100.0,100.0,92.15686274509804
353,90.19607843137256,92.15686274509804,92.15686274509804,100.0,100.0,100.0,100.0,92.15686274509804
354,90.19607843137256,92.15686274509804,92.15686274509804,100.0,100.0,100.0,100.0,92.15686274509804
355,90.19607843137256,92.15686274509804,92.15686274509804,100.0,100.0,100.0,100.0,92.15686274509804
356,90.19607843137256,92.15686274509804,92.15686274509804,100.0,100.0,100.0,100.0,92.15686274509804
357,90.19607843137256,92.15686274509804,92.15686274509804,100.0,100.0,100.0,100.0,92.15686274509804
358,90.19607843137256,92.15686274509804,92.15686274509804,100.0,100.0,100.0,100.0,92.15686274509804
359,90.19607843137256,92.15686274509804,92.15686274509804,100.0,100.0,100.0,100.0,92.15686274509804
360,90.19607843137256,92.15686274509804,92.15686274509804,100.0,100.0,100.0,100.0,92.15686274509804
361,90.19607843137256,92.15686274509804,92.15686274509804,100.0,100.0,100.0,100.0,92.15686274509804
362,90.19607843137256,92.15686274509804,92.15686274509804,100.0,100.0,100.0,100.0,92.15686274509804
363,90.19607843137256,92.15686274509804,92.15686274509804,100.0,100.0,100.0,100.0,92.15686274509804
364,92.15686274509804,92.15686274509804,92.15686274509804,100.0,100.0,100.0,100.0,92.0
365,92.15686274509804,92.15686274509804,92.15686274509804,100.0,100.0,100.0,100.0,92.0
366,92.15686274509804,92.15686274509804,92.15686274509804,100.0,100.0,100.0,100.0,92.0
367,92.15686274509804,92.15686274509804,92.15686274509804,100.0,100.0,100.0,100.0,92.0
368,92.15686274509804,92.15686274509804,92.15686274509804,100.0,100.0,100.0,100.0,92.0
369,92.15686274509804,92.15686274509804,92.15686274509804,100.0,100.0,100.0,100.0,92.0
370,92.15686274509804,92.15686274509804,92.15686274509804,100.0,100.0,100.0,100.0,92.0
371,92.15686274509804,92.15686274509804,92.15686274509804,100.0,100.0,100.0,100.0,92.0
372,92.15686274509804,92.15686274509804,92.15686274509804,100.0,100.0,100.0,100.0,92.0
373,92.15686274509804,92.15686274509804,92.15686274509804,100.0,100.0,100.0,100.0,92.0
374,92.15686274509804,92.15686274509804,92.15686274509804,100.0,100.0,100.0,100.0,92.0
375,92.15686274509804,92.15686274509804,92.15686274509804,100.0,100.0,100.0,100.0,92.0
376,92.15686274509804,92.15686274509804,92.15686274509804,100.0,100.0,100.0,100.0,92.0
377,92.15686274509804,92.15686274509804,92.15686274509804,100.0,100.0,100.0,100.0,92.0
378,92.15686274509804,92.15686274509804,92.15686274509804,100.0,100.0,100.0,100.0,92.0
379,92.15686274509804,92.15686274509804,92.15686274509804,100.0,100.0,100.0,100.0,92.0
380,92.15686274509804,92.15686274509804,92.15686274509804,100.0,100.0,100.0,100.0,92.0
381,92.15686274509804,92.15686274509804,92.15686274509804,100.0,100.0,100.0,100.0,92.0
382,92.15686274509804,92.15686274509804,92.15686274509804,100.0,100.0,100.0,100.0,92.0
383,92.15686274509804,92.15686274509804,92.15686274509804,100.0,100.0,100.0,100.0,92.0
384,92.15686274509804,92.15686274509804,92.15686274509804,100.0,100.0,100.0,100.0,92.0
385,92.15686274509804,92.15686274509804,92.15686274509804,100.0,100.0,100.0,100.0,92.0
386,92.15686274509804,92.15686274509804,92.15686274509804,100.0,100.0,100.0,100.0,92.0
387,92.15686274509804,92.15686274509804,92.15686274509804,100.0,100.0,100.0,100.0,92.0
388,92.15686274509804,92.15686274509804,92.15686274509804,100.0,100.0,100.0,100.0,92.0
389,92.15686274509804,92.15686274509804,92.15686274509804,100.0,100.0,100.0,100.0,92.0
390,92.15686274509804,92.15686274509804,92.15686274509804,100.0,100.0,100.0,100.0,92.0
391,92.15686274509804,92.15686274509804,92.15686274509804,100.0,100.0,100.0,100.0,92.0
392,92.15686274509804,92.15686274509804,92.15686274509804,100.0,100.0,100.0,100.0,92.0
393,92.15686274509804,92.15686274509804,92.15686274509804,100.0,100.0,100.0,100.0,92.0
394,92.15686274509804,92.15686274509804,92.15686274509804,100.0,100.0,100.0,100.0,92.0
395,92.15686274509804,92.15686274509804,92.15686274509804,100.0,100.0,100.0,100.0,92.0
396,92.15686274509804,92.15686274509804,92.15686274509804,100.0,100.0,100.0,100.0,92.0
397,92.15686274509804,92.15686274509804,92.15686274509804,100.0,100.0,100.0,100.0,92.0
398,92.15686274509804,92.15686274509804,92.15686274509804,100.0,100.0,100.0,100.0,92.0
399,92.15686274509804,92.15686274509804,92.15686274509804,100.0,100.0,100.0,100.0,92.0
400,92.15686274509804,92.15686274509804,92.15686274509804,100.0,100.0,100.0,100.0,92.0
401,92.15686274509804,92.15686274509804,92.15686274509804,100.0,100.0,100.0,100.0,92.0
402,92.15686274509804,92.15686274509804,92.15686274509804,100.0,100.0,100.0,100.0,92.0
403,92.15686274509804,92.15686274509804,92.15686274509804,100.0,100.0,100.0,100.0,92.0
404,93.87755102040816,96.0,96.0,100.0,100.0,100.0,100.0,94.0
405,93.87755102040816,96.0,96.0,100.0,100.0,100.0,100.0,94.0
406,93.87755102040816,96.0,96.0,100.0,100.0,100.0,100.0,94.0
407,93.87755102040816,96.0,96.0,100.0,100.0,100.0,100.0,94.0
408,93.87755102040816,96.0,96.0,100.0,100.0,100.0,100.0,94.0
409,93.87755102040816,96.0,96.0,100.0,100.0,100.0,100.0,94.0
410,93.87755102040816,96.0,96.0,100.0,100.0,100.0,100.0,94.0
411,93.87755102040816,96.0,96.0,100.0,100.0,100.0,100.0,94.0
412,93.87755102040816,96.0,96.0,100.0,100.0,100.0,100.0,94.0
413,93.87755102040816,96.0,96.0,100.0,100.0,100.0,100.0,94.0
414,93.87755102040816,96.0,96.0,100.0,100.0,100.0,100.0,94.0
415,93.87755102040816,96.0,96.0,100.0,100.0,100.0,100.0,94.0
416,93.87755102040816,96.0,96.0,100.0,100.0,100.0,100.0,94.0
417,93.87755102040816,96.0,96.0,100.0,100.0,100.0,100.0,94.0
418,93.87755102040816,96.0,96.0,100.0,100.0,100.0,100.0,94.0
419,93.87755102040816,96.0,96.0,100.0,100.0,100.0,100.0,94.0
420,93.87755102040816,96.0,96.0,100.0,100.0,100.0,100.0,94.0
421,93.87755102040816,96.0,96.0,100.0,100.0,100.0,100.0,94.0
422,93.87755102040816,96.0,96.0,100.0,100.0,100.0,100.0,94.0
423,93.87755102040816,96.0,96.0,100.0,100.0,100.0,100.0,94.0
424,93.87755102040816,96.0,96.0,100.0,100.0,100.0,100.0,94.0
425,93.87755102040816,96.0,96.0,100.0,100.0,100.0,100.0,94.0
426,93.87755102040816,96.0,96.0,100.0,100.0,100.0,100.0,94.0
427,93.87755102040816,96.0,96.0,100.0,100.0,100.0,100.0,94.0
428,93.87755102040816,96.0,96.0,100.0,100.0,100.0,100.0,94.0
429,93.87755102040816,96.0,96.0,100.0,100.0,100.0,100.0,94.0
430,93.87755102040816,96.0,96.0,100.0,100.0,100.0,100.0,94.0
431,93.87755102040816,96.0,96.0,100.0,100.0,100.0,100.0,94.0
432,93.87755102040816,96.0,96.0,100.0,100.0,100.0,100.0,94.0
433,93.87755102040816,96.0,96.0,100.0,100.0,100.0,100.0,94.0
434,93.87755102040816,96.0,96.0,100.0,100.0,100.0,100.0,94.0
435,93.87755102040816,96.0,96.0,100.0,100.0,100.0,100.0,94.0
436,93.87755102040816,96.0,96.0,100.0,100.0,100.0,100.0,94.0
437,93.87755102040816,96.0,96.0,100.0,100.0,100.0,100.0,94.0
438,93.87755102040816,96.0,96.0,100.0,100.0,100.0,100.0,94.0
439,93.87755102040816,96.0,96.0,100.0,100.0,100.0,100.0,94.0
440,100.0,98.07692307692307,100.0,100.0,100.0,100.0,100.0,100.0
441,100.0,98.07692307692307,100.0,100.0,100.0,100.0,100.0,100.0
442,100.0,98.07692307692307,100.0,100.0,100.0,100.0,100.0,100.0
443,100.0,98.07692307692307,100.0,100.0,100.0,100.0,100.0,100.0
444,100.0,98.07692307692307,100.0,100.0,100.0,100.0,100.0,100.0
445,100.0,98.07692307692307,100.0,100.0,100.0,100.0,100.0,100.0
446,100.0,98.07692307692307,100.0,100.0,100.0,100.0,100.0,100.0
447,100.0,98.07692307692307,100.0,100.0,100.0,100.0,100.0,100.0
448,100.0,98.07692307692307,100.0,100.0,100.0,100.0,100.0,100.0
449,100.0,98.07692307692307,100.0,100.0,100.0,100.0,100.0,100.0
450,100.0,98.07692307692307,100.0,100.0,100.0,100.0,100.0,100.0
451,100.0,98.07692307692307,100.0,100.0,100.0,100.0,100.0,100.0
452,100.0,98.07692307692307,100.0,100.0,100.0,100.0,100.0,100.0
453,100.0,98.07692307692307,100.0,100.0,100.0,100.0,100.0,100.0
454,100.0,98.07692307692307,100.0,100.0,100.0,100.0,100.0,100.0
455,100.0,98.07692307692307,100.0,100.0,100.0,100.0,100.0,100.0
456,100.0,98.07692307692307,100.0,100.0,100.0,100.0,100.0,100.0
457,100.0,98.07692307692307,100.0,100.0,100.0,100.0,100.0,100.0
458,100.0,98.07692307692307,100.0,100.0,100.0,100.0,100.0,100.0
459,100.0,98.07692307692307,100.0,100.0,100.0,100.0,100.0,100.0
460,100.0,98.07692307692307,100.0,100.0,100.0,100.0,100.0,100.0
461,100.0,98.07692307692307,100.0,100.0,100.0,100.0,100.0,100.0
462,100.0,98.07692307692307,100.0,100.0,100.0,100.0,100.0,100.0
463,100.0,98.07692307692307,100.0,100.0,100.0,100.0,100.0,100.0
464,100.0,98.07692307692307,100.0,100.0,100.0,100.0,100.0,100.0
465,100.0,98.07692307692307,100.0,100.0,100.0,100.0,100.0,100.0
466,100.0,98.07692307692307,100.0,100.0,100.0,100.0,100.0,100.0
467,100.0,98.07692307692307,100.0,100.0,100.0,100.0,100.0,100.0
468,100.0,98.07692307692307,100.0,100.0,100.0,100.0,100.0,100.0
469,100.0,98.07692307692307,100.0,100.0,100.0,100.0,100.0,100.0
470,100.0,98.07692307692307,100.0,100.0,100.0,100.0,100.0,100.0
471,100.0,98.07692307692307,100.0,100.0,100.0,100.0,100.0,100.0
472,100.0,98.07692307692307,100.0,100.0,100.0,100.0,100.0,100.0
473,100.0,98.07692307692307,100.0,100.0,100.0,100.0,100.0,100.0
474,100.0,98.07692307692307,100.0,100.0,100.0,100.0,100.0,100.0
475,78.43137254901961,80.0,82.35294117647058,100.0,98.0392156862745,100.0,98.0392156862745,80.0
476,78.43137254901961,80.0,82.35294117647058,100.0,98.0392156862745,100.0,98.0392156862745,80.0
477,78.43137254901961,80.0,82.35294117647058,100.0,98.0392156862745,100.0,98.0392156862745,80.0
478,78.43137254901961,80.0,82.35294117647058,100.0,98.0392156862745,100.0,98.0392156862745,80.0
479,78.43137254901961,80.0,82.35294117647058,100.0,98.0392156862745,100.0,98.0392156862745,80.0
480,78.43137254901961,80.0,82.35294117647058,100.0,98.0392156862745,100.0,98.0392156862745,80.0
481,78.43137254901961,80.0,82.35294117647058,100.0,98.0392156862745,100.0,98.0392156862745,80.0
482,78.43137254901961,80.0,82.35294117647058,100.0,98.0392156862745,100.0,98.0392156862745,80.0
483,78.43137254901961,80.0,82.35294117647058,100.0,98.0392156862745,100.0,98.0392156862745,80.0
484,78.43137254901961,80.0,82.35294117647058,100.0,98.0392156862745,100.0,98.0392156862745,80.0
485,78.43137254901961,80.0,82.35294117647058,100.0,98.0392156862745,100.0,98.0392156862745,80.0
486,78.43137254901961,80.0,82.35294117647058,100.0,98.0392156862745,100.0,98.0392156862745,80.0
487,78.43137254901961,80.0,82.35294117647058,100.0,98.0392156862745,100.0,98.0392156862745,80.0
488,78.43137254901961,80.0,82.35294117647058,100.0,98.0392156862745,100.0,98.0392156862745,80.0
489,78.43137254901961,80.0,82.35294117647058,100.0,98.0392156862745,100.0,98.0392156862745,80.0
490,78.43137254901961,80.0,82.35294117647058,100.0,98.0392156862745,100.0,98.0392156862745,80.0
491,78.43137254901961,80.0,82.35294117647058,100.0,98.0392156862745,100.0,98.0392156862745,80.0
492,78.43137254901961,80.0,82.35294117647058,100.0,98.0392156862745,100.0,98.0392156862745,80.0
493,78.43137254901961,80.0,82.35294117647058,100.0,98.0392156862745,100.0,98.0392156862745,80.0
494,78.43137254901961,80.0,82.35294117647058,100.0,98.0392156862745,100.0,98.0392156862745,80.0
495,78.43137254901961,80.0,82.35294117647058,100.0,98.0392156862745,100.0,98.0392156862745,80.0
496,78.43137254901961,80.0,82.35294117647058,100.0,98.0392156862745,100.0,98.0392156862745,80.0
497,78.43137254901961,80.0,82.35294117647058,100.0,98.0392156862745,100.0,98.0392156862745,80.0
498,78.43137254901961,80.0,82.35294117647058,100.0,98.0392156862745,100.0,98.0392156862745,80.0
499,78.43137254901961,80.0,82.35294117647058,100.0,98.0392156862745,100.0,98.0392156862745,80.0
500,78.43137254901961,80.0,82.35294117647058,100.0,98.0392156862745,100.0,98.0392156862745,80.0
501,78.43137254901961,80.0,82.35294117647058,100.0,98.0392156862745,100.0,98.0392156862745,80.0
502,78.43137254901961,80.0,82.35294117647058,100.0,98.0392156862745,100.0,98.0392156862745,80.0
503,78.43137254901961,80.0,82.35294117647058,100.0,98.0392156862745,100.0,98.0392156862745,80.0
504,78.43137254901961,80.0,82.35294117647058,100.0,98.0392156862745,100.0,98.0392156862745,80.0
505,78.43137254901961,80.0,82.35294117647058,100.0,98.0392156862745,100.0,98.0392156862745,80.0
506,78.43137254901961,80.0,82.35294117647058,100.0,98.0392156862745,100.0,98.0392156862745,80.0
507,78.43137254901961,80.0,82.35294117647058,100.0,98.0392156862745,100.0,98.0392156862745,80.0
508,78.43137254901961,80.0,82.35294117647058,100.0,98.0392156862745,100.0,98.0392156862745,80.0
509,78.43137254901961,80.0,82.35294117647058,100.0,98.0392156862745,100.0,98.0392156862745,80.0
510,78.43137254901961,80.0,82.35294117647058,100.0,98.0392156862745,100.0,98.0392156862745,80.0
511,78.43137254901961,80.0,82.35294117647058,100.0,98.0392156862745,100.0,98.0392156862745,80.0
512,87.75510204081633,87.75510204081633,88.0,100.0,100.0,100.0,100.0,84.31372549019608
513,87.75510204081633,87.75510204081633,88.0,100.0,100.0,100.0,100.0,84.31372549019608
514,87.75510204081633,87.75510204081633,88.0,100.0,100.0,100.0,100.0,84.31372549019608
515,87.75510204081633,87.75510204081633,88.0,100.0,100.0,100.0,100.0,84.31372549019608
516,87.75510204081633,87.75510204081633,88.0,100.0,100.0,100.0,100.0,84.31372549019608
517,87.75510204081633,87.75510204081633,88.0,100.0,100.0,100.0,100.0,84.31372549019608
518,87.75510204081633,87.75510204081633,88.0,100.0,100.0,100.0,100.0,84.31372549019608
519,87.75510204081633,87.75510204081633,88.0,100.0,100.0,100.0,100.0,84.31372549019608
520,87.75510204081633,87.75510204081633,88.0,100.0,100.0,100.0,100.0,84.31372549019608
521,87.75510204081633,87.75510204081633,88.0,100.0,100.0,100.0,100.0,84.31372549019608
522,87.75510204081633,87.75510204081633,88.0,100.0,100.0,100.0,100.0,84.31372549019608
523,87.75510204081633,87.75510204081633,88.0,100.0,100.0,100.0,100.0,84.31372549019608
524,87.75510204081633,87.75510204081633,88.0,100.0,100.0,100.0,100.0,84.31372549019608
525,87.75510204081633,87.75510204081633,88.0,100.0,100.0,100.0,100.0,84.31372549019608
526,87.75510204081633,87.75510204081633,88.0,100.0,100.0,100.0,100.0,84.31372549019608
527,87.75510204081633,87.75510204081633,88.0,100.0,100.0,100.0,100.0,84.31372549019608
528,87.75510204081633,87.75510204081633,88.0,100.0,100.0,100.0,100.0,84.31372549019608
529,87.75510204081633,87.75510204081633,88.0,100.0,100.0,100.0,100.0,84.31372549019608
530,87.75510204081633,87.75510204081633,88.0,100.0,100.0,100.0,100.0,84.31372549019608
531,87.75510204081633,87.75510204081633,88.0,100.0,100.0,100.0,100.0,84.31372549019608
532,87.75510204081633,87.75510204081633,88.0,100.0,100.0,100.0,100.0,84.31372549019608
533,87.75510204081633,87.75510204081633,88.0,100.0,100.0,100.0,100.0,84.31372549019608
534,87.75510204081633,87.75510204081633,88.0,100.0,100.0,100.0,100.0,84.31372549019608
535,87.75510204081633,87.75510204081633,88.0,100.0,100.0,100.0,100.0,84.31372549019608
536,87.75510204081633,87.75510204081633,88.0,100.0,100.0,100.0,100.0,84.31372549019608
537,87.75510204081633,87.75510204081633,88.0,100.0,100.0,100.0,100.0,84.31372549019608
538,87.75510204081633,87.75510204081633,88.0,100.0,100.0,100.0,100.0,84.31372549019608
539,87.75510204081633,87.75510204081633,88.0,100.0,100.0,100.0,100.0,84.31372549019608
540,87.75510204081633,87.75510204081633,88.0,100.0,100.0,100.0,100.0,84.31372549019608
541,87.75510204081633,87.75510204081633,88.0,100.0,100.0,100.0,100.0,84.31372549019608
542,87.75510204081633,87.75510204081633,88.0,100.0,100.0,100.0,100.0,84.31372549019608
543,87.75510204081633,87.75510204081633,88.0,100.0,100.0,100.0,100.0,84.31372549019608
544,87.75510204081633,87.75510204081633,88.0,100.0,100.0,100.0,100.0,84.31372549019608
545,87.75510204081633,87.75510204081633,88.0,100.0,100.0,100.0,100.0,84.31372549019608
546,87.75510204081633,87.75510204081633,88.0,100.0,100.0,100.0,100.0,84.31372549019608
547,87.75510204081633,87.75510204081633,88.0,100.0,100.0,100.0,100.0,84.31372549019608
548,87.75510204081633,87.75510204081633,88.0,100.0,100.0,100.0,100.0,84.31372549019608
549,87.75510204081633,87.75510204081633,88.0,100.0,100.0,100.0,100.0,84.31372549019608
550,87.75510204081633,87.75510204081633,88.0,100.0,100.0,100.0,100.0,84.31372549019608
551,87.75510204081633,87.75510204081633,88.0,100.0,100.0,100.0,100.0,84.31372549019608
552,96.07843137254902,96.07843137254902,96.0,98.0392156862745,100.0,100.0,100.0,96.07843137254902
553,96.07843137254902,96.07843137254902,96.0,98.0392156862745,100.0,100.0,100.0,96.07843137254902
554,96.07843137254902,96.07843137254902,96.0,98.0392156862745,100.0,100.0,100.0,96.07843137254902
555,96.07843137254902,96.07843137254902,96.0,98.0392156862745,100.0,100.0,100.0,96.07843137254902
556,96.07843137254902,96.07843137254902,96.0,98.0392156862745,100.0,100.0,100.0,96.07843137254902
557,96.07843137254902,96.07843137254902,96.0,98.0392156862745,100.0,100.0,100.0,96.07843137254902
558,96.07843137254902,96.07843137254902,96.0,98.0392156862745,100.0,100.0,100.0,96.07843137254902
559,96.07843137254902,96.07843137254902,96.0,98.0392156862745,100.0,100.0,100.0,96.07843137254902
560,96.07843137254902,96.07843137254902,96.0,98.0392156862745,100.0,100.0,100.0,96.07843137254902
561,96.07843137254902,96.07843137254902,96.0,98.0392156862745,100.0,100.0,100.0,96.07843137254902
562,96.07843137254902,96.07843137254902,96.0,98.0392156862745,100.0,100.0,100.0,96.07843137254902
563,96.07843137254902,96.07843137254902,96.0,98.0392156862745,100.0,100.0,100.0,96.07843137254902
564,96.07843137254902,96.07843137254902,96.0,98.0392156862745,100.0,100.0,100.0,96.07843137254902
565,96.07843137254902,96.07843137254902,96.0,98.0392156862745,100.0,100.0,100.0,96.07843137254902
566,96.07843137254902,96.07843137254902,96.0,98.0392156862745,100.0,100.0,100.0,96.07843137254902
567,96.07843137254902,96.07843137254902,96.0,98.0392156862745,100.0,100.0,100.0,96.07843137254902
568,96.07843137254902,96.07843137254902,96.0,98.0392156862745,100.0,100.0,100.0,96.07843137254902
569,96.07843137254902,96.07843137254902,96.0,98.0392156862745,100.0,100.0,100.0,96.07843137254902
570,96.07843137254902,96.07843137254902,96.0,98.0392156862745,100.0,100.0,100.0,96.07843137254902
571,96.07843137254902,96.07843137254902,96.0,98.0392156862745,100.0,100.0,100.0,96.07843137254902
572,96.07843137254902,96.07843137254902,96.0,98.0392156862745,100.0,100.0,100.0,96.07843137254902
573,96.07843137254902,96.07843137254902,96.0,98.0392156862745,100.0,100.0,100.0,96.07843137254902
574,96.07843137254902,96.07843137254902,96.0,98.0392156862745,100.0,100.0,100.0,96.07843137254902
575,96.07843137254902,96.07843137254902,96.0,98.0392156862745,100.0,100.0,100.0,96.07843137254902
576,96.07843137254902,96.07843137254902,96.0,98.0392156862745,100.0,100.0,100.0,96.07843137254902
577,96.07843137254902,96.07843137254902,96.0,98.0392156862745,100.0,100.0,100.0,96.07843137254902
578,96.07843137254902,96.07843137254902,96.0,98.0392156862745,100.0,100.0,100.0,96.07843137254902
579,96.07843137254902,96.07843137254902,96.0,98.0392156862745,100.0,100.0,100.0,96.07843137254902
580,96.07843137254902,96.07843137254902,96.0,98.0392156862745,100.0,100.0,100.0,96.07843137254902
581,96.07843137254902,96.07843137254902,96.0,98.0392156862745,100.0,100.0,100.0,96.07843137254902
582,96.07843137254902,96.07843137254902,96.0,98.0392156862745,100.0,100.0,100.0,96.07843137254902
583,96.07843137254902,96.07843137254902,96.0,98.0392156862745,100.0,100.0,100.0,96.07843137254902
584,96.07843137254902,96.07843137254902,96.0,98.0392156862745,100.0,100.0,100.0,96.07843137254902
585,96.07843137254902,96.07843137254902,96.0,98.0392156862745,100.0,100.0,100.0,96.07843137254902
586,96.07843137254902,96.07843137254902,96.0,98.0392156862745,100.0,100.0,100.0,96.07843137254902
587,96.07843137254902,96.07843137254902,96.0,98.0392156862745,100.0,100.0,100.0,96.07843137254902
588,96.07843137254902,96.07843137254902,96.0,98.0392156862745,100.0,100.0,100.0,96.07843137254902
589,96.07843137254902,96.07843137254902,96.0,98.0392156862745,100.0,100.0,100.0,96.07843137254902
590,80.0,78.43137254901961,82.6923076923077,100.0,100.0,100.0,100.0,77.55102040816327
591,80.0,78.43137254901961,82.6923076923077,100.0,100.0,100.0,100.0,77.55102040816327
592,80.0,78.43137254901961,82.6923076923077,100.0,100.0,100.0,100.0,77.55102040816327
593,80.0,78.43137254901961,82.6923076923077,100.0,100.0,100.0,100.0,77.55102040816327
594,80.0,78.43137254901961,82.6923076923077,100.0,100.0,100.0,100.0,77.55102040816327
595,80.0,78.43137254901961,82.6923076923077,100.0,100.0,100.0,100.0,77.55102040816327
596,80.0,78.43137254901961,82.6923076923077,100.0,100.0,100.0,100.0,77.55102040816327
597,80.0,78.43137254901961,82.6923076923077,100.0,100.0,100.0,100.0,77.55102040816327
598,80.0,78.43137254901961,82.6923076923077,100.0,100.0,100.0,100.0,77.55102040816327
599,80.0,78.43137254901961,82.6923076923077,100.0,100.0,100.0,100.0,77.55102040816327
600,80.0,78.43137254901961,82.6923076923077,100.0,100.0,100.0,100.0,77.55102040816327
601,80.0,78.43137254901961,82.6923076923077,100.0,100.0,100.0,100.0,77.55102040816327
602,80.0,78.43137254901961,82.6923076923077,100.0,100.0,100.0,100.0,77.55102040816327
603,80.0,78.43137254901961,82.6923076923077,100.0,100.0,100.0,100.0,77.55102040816327
604,80.0,78.43137254901961,82.6923076923077,100.0,100.0,100.0,100.0,77.55102040816327
605,80.0,78.43137254901961,82.6923076923077,100.0,100.0,100.0,100.0,77.55102040816327
606,80.0,78.43137254901961,82.6923076923077,100.0,100.0,100.0,100.0,77.55102040816327
607,80.0,78.43137254901961,82.6923076923077,100.0,100.0,100.0,100.0,77.55102040816327
608,80.0,78.43137254901961,82.6923076923077,100.0,100.0,100.0,100.0,77.55102040816327
609,80.0,78.43137254901961,82.6923076923077,100.0,100.0,100.0,100.0,77.55102040816327
610,80.0,78.43137254901961,82.6923076923077,100.0,100.0,100.0,100.0,77.55102040816327
611,80.0,78.43137254901961,82.6923076923077,100.0,100.0,100.0,100.0,77.55102040816327
612,80.0,78.43137254901961,82.6923076923077,100.0,100.0,100.0,100.0,77.55102040816327
613,80.0,78.43137254901961,82.6923076923077,100.0,100.0,100.0,100.0,77.55102040816327
614,80.0,78.43137254901961,82.6923076923077,100.0,100.0,100.0,100.0,77.55102040816327
615,80.0,78.43137254901961,82.6923076923077,100.0,100.0,100.0,100.0,77.55102040816327
616,80.0,78.43137254901961,82.6923076923077,100.0,100.0,100.0,100.0,77.55102040816327
617,80.0,78.43137254901961,82.6923076923077,100.0,100.0,100.0,100.0,77.55102040816327
618,80.0,78.43137254901961,82.6923076923077,100.0,100.0,100.0,100.0,77.55102040816327
619,80.0,78.43137254901961,82.6923076923077,100.0,100.0,100.0,100.0,77.55102040816327
620,80.0,78.43137254901961,82.6923076923077,100.0,100.0,100.0,100.0,77.55102040816327
621,80.0,78.43137254901961,82.6923076923077,100.0,100.0,100.0,100.0,77.55102040816327
622,80.0,78.43137254901961,82.6923076923077,100.0,100.0,100.0,100.0,77.55102040816327
623,80.0,78.43137254901961,82.6923076923077,100.0,100.0,100.0,100.0,77.55102040816327
624,80.0,78.43137254901961,82.6923076923077,100.0,100.0,100.0,100.0,77.55102040816327
625,80.0,78.43137254901961,82.6923076923077,100.0,100.0,100.0,100.0,77.55102040816327
626,80.0,78.43137254901961,82.6923076923077,100.0,100.0,100.0,100.0,77.55102040816327
627,80.0,78.43137254901961,82.6923076923077,100.0,100.0,100.0,100.0,77.55102040816327
628,80.0,78.43137254901961,82.6923076923077,100.0,100.0,100.0,100.0,77.55102040816327
629,94.33962264150944,96.22641509433963,96.15384615384616,100.0,100.0,98.14814814814815,100.0,94.44444444444444
630,94.33962264150944,96.22641509433963,96.15384615384616,100.0,100.0,98.14814814814815,100.0,94.44444444444444
631,94.33962264150944,96.22641509433963,96.15384615384616,100.0,100.0,98.14814814814815,100.0,94.44444444444444
632,94.33962264150944,96.22641509433963,96.15384615384616,100.0,100.0,98.14814814814815,100.0,94.44444444444444
633,94.33962264150944,96.22641509433963,96.15384615384616,100.0,100.0,98.14814814814815,100.0,94.44444444444444
634,94.33962264150944,96.22641509433963,96.15384615384616,100.0,100.0,98.14814814814815,100.0,94.44444444444444
635,94.33962264150944,96.22641509433963,96.15384615384616,100.0,100.0,98.14814814814815,100.0,94.44444444444444
636,94.33962264150944,96.22641509433963,96.15384615384616,100.0,100.0,98.14814814814815,100.0,94.44444444444444
637,94.33962264150944,96.22641509433963,96.15384615384616,100.0,100.0,98.14814814814815,100.0,94.44444444444444
638,94.33962264150944,96.22641509433963,96.15384615384616,100.0,100.0,98.14814814814815,100.0,94.44444444444444
639,94.33962264150944,96.22641509433963,96.15384615384616,100.0,100.0,98.14814814814815,100.0,94.44444444444444
640,94.33962264150944,96.22641509433963,96.15384615384616,100.0,100.0,98.14814814814815,100.0,94.44444444444444
641,94.33962264150944,96.22641509433963,96.15384615384616,100.0,100.0,98.14814814814815,100.0,94.44444444444444
642,94.33962264150944,96.22641509433963,96.15384615384616,100.0,100.0,98.14814814814815,100.0,94.44444444444444
643,94.33962264150944,96.22641509433963,96.15384615384616,100.0,100.0,98.14814814814815,100.0,94.44444444444444
644,94.33962264150944,96.22641509433963,96.15384615384616,100.0,100.0,98.14814814814815,100.0,94.44444444444444
645,94.33962264150944,96.22641509433963,96.15384615384616,100.0,100.0,98.14814814814815,100.0,94.44444444444444
646,94.33962264150944,96.22641509433963,96.15384615384616,100.0,100.0,98.14814814814815,100.0,94.44444444444444
647,94.33962264150944,96.22641509433963,96.15384615384616,100.0,100.0,98.14814814814815,100.0,94.44444444444444
648,94.33962264150944,96.22641509433963,96.15384615384616,100.0,100.0,98.14814814814815,100.0,94.44444444444444
649,94.33962264150944,96.22641509433963,96.15384615384616,100.0,100.0,98.14814814814815,100.0,94.44444444444444
650,94.33962264150944,96.22641509433963,96.15384615384616,100.0,100.0,98.14814814814815,100.0,94.44444444444444
651,94.33962264150944,96.22641509433963,96.15384615384616,100.0,100.0,98.14814814814815,100.0,94.44444444444444
652,94.33962264150944,96.22641509433963,96.15384615384616,100.0,100.0,98.14814814814815,100.0,94.44444444444444
653,94.33962264150944,96.22641509433963,96.15384615384616,100.0,100.0,98.14814814814815,100.0,94.44444444444444
654,94.33962264150944,96.22641509433963,96.15384615384616,100.0,100.0,98.14814814814815,100.0,94.44444444444444
655,94.33962264150944,96.22641509433963,96.15384615384616,100.0,100.0,98.14814814814815,100.0,94.44444444444444
656,94.33962264150944,96.22641509433963,96.15384615384616,100.0,100.0,98.14814814814815,100.0,94.44444444444444
657,94.33962264150944,96.22641509433963,96.15384615384616,100.0,100.0,98.14814814814815,100.0,94.44444444444444
658,94.33962264150944,96.22641509433963,96.15384615384616,100.0,100.0,98.14814814814815,100.0,94.44444444444444
659,94.33962264150944,96.22641509433963,96.15384615384616,100.0,100.0,98.14814814814815,100.0,94.44444444444444
660,94.33962264150944,96.22641509433963,96.15384615384616,100.0,100.0,98.14814814814815,100.0,94.44444444444444
661,94.33962264150944,96.22641509433963,96.15384615384616,100.0,100.0,98.14814814814815,100.0,94.44444444444444
662,94.33962264150944,96.22641509433963,96.15384615384616,100.0,100.0,98.14814814814815,100.0,94.44444444444444
663,94.33962264150944,96.22641509433963,96.15384615384616,100.0,100.0,98.14814814814815,100.0,94.44444444444444
664,96.0,95.91836734693877,96.0,100.0,100.0,100.0,100.0,94.0
665,96.0,95.91836734693877,96.0,100.0,100.0,100.0,100.0,94.0
666,96.0,95.91836734693877,96.0,100.0,100.0,100.0,100.0,94.0
667,96.0,95.91836734693877,96.0,100.0,100.0,100.0,100.0,94.0
668,96.0,95.91836734693877,96.0,100.0,100.0,100.0,100.0,94.0
669,96.0,95.91836734693877,96.0,100.0,100.0,100.0,100.0,94.0
670,96.0,95.91836734693877,96.0,100.0,100.0,100.0,100.0,94.0
671,96.0,95.91836734693877,96.0,100.0,100.0,100.0,100.0,94.0
672,96.0,95.91836734693877,96.0,100.0,100.0,100.0,100.0,94.0
673,96.0,95.91836734693877,96.0,100.0,100.0,100.0,100.0,94.0
674,96.0,95.91836734693877,96.0,100.0,100.0,100.0,100.0,94.0
675,96.0,95.91836734693877,96.0,100.0,100.0,100.0,100.0,94.0
676,96.0,95.91836734693877,96.0,100.0,100.0,100.0,100.0,94.0
677,96.0,95.91836734693877,96.0,100.0,100.0,100.0,100.0,94.0
678,96.0,95.91836734693877,96.0,100.0,100.0,100.0,100.0,94.0
679,96.0,95.91836734693877,96.0,100.0,100.0,100.0,100.0,94.0
680,96.0,95.91836734693877,96.0,100.0,100.0,100.0,100.0,94.0
681,96.0,95.91836734693877,96.0,100.0,100.0,100.0,100.0,94.0
682,96.0,95.91836734693877,96.0,100.0,100.0,100.0,100.0,94.0
683,96.0,95.91836734693877,96.0,100.0,100.0,100.0,100.0,94.0
684,96.0,95.91836734693877,96.0,100.0,100.0,100.0,100.0,94.0
685,96.0,95.91836734693877,96.0,100.0,100.0,100.0,100.0,94.0
686,96.0,95.91836734693877,96.0,100.0,100.0,100.0,100.0,94.0
687,96.0,95.91836734693877,96.0,100.0,100.0,100.0,100.0,94.0
688,96.0,95.91836734693877,96.0,100.0,100.0,100.0,100.0,94.0
689,96.0,95.91836734693877,96.0,100.0,100.0,100.0,100.0,94.0
690,96.0,95.91836734693877,96.0,100.0,100.0,100.0,100.0,94.0
691,96.0,95.91836734693877,96.0,100.0,100.0,100.0,100.0,94.0
692,96.0,95.91836734693877,96.0,100.0,100.0,100.0,100.0,94.0
693,96.0,95.91836734693877,96.0,100.0,100.0,100.0,100.0,94.0
694,96.0,95.91836734693877,96.0,100.0,100.0,100.0,100.0,94.0
695,96.0,95.91836734693877,96.0,100.0,100.0,100.0,100.0,94.0
696,96.0,95.91836734693877,96.0,100.0,100.0,100.0,100.0,94.0
697,96.0,95.91836734693877,96.0,100.0,100.0,100.0,100.0,94.0
698,96.0,95.91836734693877,96.0,100.0,100.0,100.0,100.0,94.0
699,96.0,95.91836734693877,96.0,100.0,100.0,100.0,100.0,94.0
700,96.0,95.91836734693877,96.0,100.0,100.0,100.0,100.0,94.0
701,96.0,95.91836734693877,96.0,100.0,100.0,100.0,100.0,94.0
702,88.46153846153845,90.38461538461539,92.0,100.0,100.0,100.0,100.0,88.23529411764706
703,88.46153846153845,90.38461538461539,92.0,100.0,100.0,100.0,100.0,88.23529411764706
704,88.46153846153845,90.38461538461539,92.0,100.0,100.0,100.0,100.0,88.23529411764706
705,88.46153846153845,90.38461538461539,92.0,100.0,100.0,100.0,100.0,88.23529411764706
706,88.46153846153845,90.38461538461539,92.0,100.0,100.0,100.0,100.0,88.23529411764706
707,88.46153846153845,90.38461538461539,92.0,100.0,100.0,100.0,100.0,88.23529411764706
708,88.46153846153845,90.38461538461539,92.0,100.0,100.0,100.0,100.0,88.23529411764706
709,88.46153846153845,90.38461538461539,92.0,100.0,100.0,100.0,100.0,88.23529411764706
710,88.46153846153845,90.38461538461539,92.0,100.0,100.0,100.0,100.0,88.23529411764706
711,88.46153846153845,90.38461538461539,92.0,100.0,100.0,100.0,100.0,88.23529411764706
712,88.46153846153845,90.38461538461539,92.0,100.0,100.0,100.0,100.0,88.23529411764706
713,88.46153846153845,90.38461538461539,92.0,100.0,100.0,100.0,100.0,88.23529411764706
714,88.46153846153845,90.38461538461539,92.0,100.0,100.0,100.0,100.0,88.23529411764706
715,88.46153846153845,90.38461538461539,92.0,100.0,100.0,100.0,100.0,88.23529411764706
716,88.46153846153845,90.38461538461539,92.0,100.0,100.0,100.0,100.0,88.23529411764706
717,88.46153846153845,90.38461538461539,92.0,100.0,100.0,100.0,100.0,88.23529411764706
718,88.46153846153845,90.38461538461539,92.0,100.0,100.0,100.0,100.0,88.23529411764706
719,88.46153846153845,90.38461538461539,92.0,100.0,100.0,100.0,100.0,88.23529411764706
720,88.46153846153845,90.38461538461539,92.0,100.0,100.0,100.0,100.0,88.23529411764706
721,88.46153846153845,90.38461538461539,92.0,100.0,100.0,100.0,100.0,88.23529411764706
722,88.46153846153845,90.38461538461539,92.0,100.0,100.0,100.0,100.0,88.23529411764706
723,88.46153846153845,90.38461538461539,92.0,100.0,100.0,100.0,100.0,88.23529411764706
724,88.46153846153845,90.38461538461539,92.0,100.0,100.0,100.0,100.0,88.23529411764706
